Name,Governor ID,Alliance,Power
LiarsV,0,RP38,32040216.0
DolphynPanchito,10078313,Hp38,40481245.0
Pochemuchka,10154350,RR38,74367049.0
Sherl0cked,10205602,Hp38,30068248.0
Busterblader,10327115,RR38,84362689.0
义Rengoku,10391630,RR38,74733668.0
Ｓｌoｔｈ,10621502,RR38,72917766.0
BEP 1,10806254,RP38,71916626.0
义Headhuntr义,1080643,F38Y,79043167.0
Duᶜᵏ Peachy,10882519,RK38,70758688.0
Zãnøagã F7,10918651,]t38,34992905.0
HISPAN0,1097477,Ri38,29232307.0
The Clownfish,11075518,RK38,73891831.0
Phorak,11328321,RA38,62623912.0
Big Piens Shake,11694371,RA38,79279011.0
BigTruck,11740217,RR38,68963854.0
mustachride,11749129,RP38,79209886.0
Marsh Farm 1,1181144,RE38,37988766.0
RuKh,11904157,RR38,80833266.0
PERSAIN,11904784,RA38,74764584.0
AlphaOmegA,11915882,RK38,55352378.0
LivingDeadZebu,11963714,Rt38,29831397.0
BabyfuzZy,12168629,RR38,68896448.0
Taco Banderas,12168880,RR38,63541833.0
YouGotCrabs,12182229,RR38,75992534.0
J E L i B E A N,12358600,RR38,68644650.0
TeeroHPx,12507402,Ri38,29122192.0
Wiggly lou,12529038,Ri38,41234862.0
주님・PʀøHacJd,12645110,RP38,61784912.0
RA38  LionsRoar,12782581,RA38,74859814.0
ᴄʜᴀᴘᴏ,12877754,RR38,82424237.0
MUshO,12971051,RK38,67311718.0
CallMeTea2,12971479,RN38,26316570.0
Explosive Skull,13371305,RK38,63618052.0
User 21,13373896,RK38,69251032.0
Lady Manor,13551576,RR38,63142185.0
KillerM92,13780200,RR38,92558288.0
Meowkata,13816660,RR38,72244879.0
RubbMyNuts,13816815,DK38,94615889.0
Bajietong OG,14020401,RR38,63826179.0
GGerard,14138612,RR38,90713129.0
TheWhiteAki,14739629,F38e,45126392.0
i Tommy Shelby,15038629,RR38,61598468.0
PRADA013,15114224,RP38,54232735.0
暗 pequod,15186568,RP38,76465502.0
Mini Marsh 02,1518877,RE38,35080665.0
Mini Marsh 01,1519039,RE38,35068475.0
Laffty,15570213,Ri38,32176650.0
ᵗᵉᵃTime,15689544,RR38,88355533.0
Gaia Kight Chao,15800654,Ri38,45996308.0
I Am Tea Farm,15850637,F38S,24947929.0
NoTTeA,15856222,F38S,28720535.0
CallMeTea1,15888946,RH38,37238406.0
Ammye 个,15984647,RK38,87705754.0
Fr소nchy,16028895,RX38,57226296.0
YouGotNickCrabs,16092334,Hp38,25014973.0
Mjǫlnir,16155630,Rw38,22524956.0
AbbyRigg Hèró,1616635,RP38,85505853.0
Legendᴷᵒˢ,16272006,Rt38,43161046.0
ItsAki II,16353531,F38e,45200182.0
Bortron,16508127,Hp38,25573239.0
BerryMuffins,16512590,RA38,83814065.0
القرم ᵀᴹ,16519446,RX38,32643709.0
mustachfarm,16578265,MEow,38535009.0
PALL0,16709976,RP38,72722110.0
xBigWoodx,16710828,RA38,165491992.0
PhyxiÂ,16759370,RA38,82615757.0
Alotta Fagina,16891821,RK38,68399585.0
Fr소nchy亗Yeo,16898698,rd38,25613302.0
暗 Winter,16908012,RA38,101142555.0
暗 Sham 叁肆,16921563,RR38,63294682.0
VN Miền Tây2,17232791,RC38,26587166.0
Jessy Jr,17256004,RA38,67306755.0
YSf,17373071,RE38,27347958.0
暗 Moises P,17376374,RR38,91007610.0
暗 Toxic Arrow,17413785,RA38,81805009.0
BIICHO DORADO,17502418,Rt38,46758287.0
Dixie  Normous,17539883,[{Hp38]Humble plebeians,40094642.0
S i m o   CG,17625084,RA38,75180052.0
Nz Húika,17647992,F38K,36691359.0
WomBort,17736681,RR38,105576319.0
Maru AF,17736708,RR38,99966663.0
BabyChoda,17739137,#N/A,24856828.0
sh3rl0ck,17742942,RP38,83316528.0
Traxxxx,17780812,RP38,76650808.0
JOLAN,17854556,RA38,75002508.0
MyBubbles,17875970,RA38,78760507.0
Executioner AF,18373874,RA38,81087915.0
stoned farm 6,18401805,F38N,24241485.0
Apocó,18881145,Ri38,37465999.0
I BlackHeart I,19004552,RX38,72620042.0
Rexy Scarlet,19025454,RC38,35140510.0
ll Taiga ll,19036336,#N/A,66489665.0
Wings Shin,19435040,RA38,61891813.0
ETHx,19626853,RR38,101224495.0
moon4lite,20379195,RK38,78040337.0
雨Kuma雨,20446496,RK38,69666322.0
IamGilbo,20462120,RK38,73821205.0
Schylur,20528847,Hp38,46173124.0
Irenerene,20533430,RK38,83995127.0
AfroditA I,20605198,RE38,29908932.0
xM3llow KiNg,20619443,Rg38,34407281.0
暗 SeroS 戰,20843787,RP38,90273754.0
Fr소nchy亗Oi,20946021,F38S,24637451.0
Alex18Croatia,21090207,RA38,72486339.0
FarmingBubbles,21257492,Hp38,41084689.0
12belaguks,21361332,Rt38,23938252.0
Slayer X Rakay,21362209,RX38,25332157.0
Azalynz DG AF,21463108,RK38,80029401.0
Dᵘcᵏ Marley,21464078,RK38,73993186.0
SirKage,21464563,RR38,56280639.0
么LFA TR,21494429,Ri38,44242925.0
TheRealMimi,217385,RA38,160696301.0
St0ned Panda420,21998284,RR38,66888814.0
ᴬbe happy bro,22020212,RX38,35660426.0
BoosShakeShack,22274656,[{Hp38]Humble plebeians,25853697.0
CAP 117,22505871,RA38,113264336.0
LAAMO,22634309,Rw38,20577204.0
Executioner V3,22926716,Hp38,35052965.0
Nimora V,22967631,Rt38,28826791.0
VEGASS X,23025917,RR38,91377116.0
Byxoy Batya,23038649,RX38,41072585.0
DaBanker jr,23041197,RA38,45288574.0
GremlinQUEEN,23205212,Rt38,39588791.0
Alungga,23896432,RP38,63164326.0
00Percentage00,23947755,Rw38,32177200.0
MrPopeNuts,24577697,RR38,74120499.0
Ranger 61,24899358,Hp38,34214367.0
真心 ąđy,25182362,RP38,54930577.0
schys,25459192,[{Hp38]Humble plebeians,25104767.0
Syaorân Li,25531562,RR38,87322526.0
artemɪsɪa,25534380,RR38,67360652.0
UKnowWho,25538500,Rw38,6345505.0
Îrïs,25782702,Hp38,45093758.0
Amaiaz,25866777,Hp38,38279392.0
Oreana,25947549,Hp38,25468274.0
A Coffee God,26164401,Rt38,14590423.0
义Babyy义,26254887,RP38,70032175.0
Twiceborn two,26291665,RA38,78516484.0
M3llow Queen x,26877031,Ri38,68666601.0
M3llow KiNg x,27082807,Ri38,64503043.0
BokutoTW,27364120,F38b,30224820.0
Momma Chode,2743724,RR38,98397389.0
Jon Snow KN,27730064,roah,26529464.0
Hopesyy,27737243,RK38,67542150.0
Hoolee fm,27794057,RB38,25692298.0
M3llow QUeen,27831676,Rg38,24522225.0
Deadly Arrow,27930287,KotF,25925401.0
xNJx,2796071,RR38,83302565.0
TabZkie,27960822,RA38,72185139.0
Low Fi Daver,28491704,RM38,33406417.0
父 Crystal 父,28618527,RK38,78434717.0
Ru Gaming,28653501,RK38,30209507.0
1LimitBreakr,28759255,RK38,75332769.0
BloodhounderSpy,29028720,RX38,33704632.0
DN0,29115500,Rw38,27945271.0
viddik,29137686,Ri38,41567874.0
AlfatherKrawaTR,29216170,RX38,39445103.0
くˢᶜᵃʳʸ,29489887,RR38,62912551.0
HAYzOM,29587991,RK38,60636478.0
Alim aqay,29801029,Rt38,28961345.0
GlockDobby,30199415,RP38,73842674.0
MarvNNN 46,30236269,RA38,82212641.0
Big Daddy BaBa,30316476,RX38,37126354.0
Jœÿ,30421620,RR38,72055632.0
Crystål,30844064,Hp38,35004043.0
ASAP Flacko,30895403,LF38,26041340.0
Mve,3094944,RK38,55548960.0
iKingRagnar,31074420,RX38,35069733.0
ASTARTEA I,31137582,RE38,25122563.0
SALLOUM44,31352114,RP38,46720983.0
实意ʚevyɞ,31895462,RP38,71310140.0
lunav,32601257,RA38,60806011.0
乄 Gembel 乄,33305369,RK38,68737759.0
Fallin000,33726432,RA38,81581961.0
Tesssssss,33738298,RP38,52971299.0
暗丶BRAYAN亗,33738318,RR38,73488944.0
連Lin15,33752045,RA38,55759428.0
Nebu l,33851182,RR38,74830156.0
bigstone,33876264,RA38,78883518.0
Mashmattatoe,33910779,RP38,75911754.0
TheMachine2211,34054731,RP38,72380828.0
Mini HYDRA,34330811,RB38,36307277.0
ヅIsmail 义,34358347,Ri38,47518568.0
YONUS,34359083,Ri38,37158883.0
Beast Doc,34382164,RR38,90140439.0
Bitcorn,34497254,Rw38,26149945.0
FLOPO,34601789,#N/A,40068899.0
Funtôme Sakura,34869648,RR38,44958529.0
PR㋛LETAR,35224446,Rt38,46721566.0
LeugimPT2,35309022,Rt38,40650007.0
Läzzy,3534140,DK38,108323847.0
Tests fckup,35511600,F38L,25440824.0
ĴØЌÉŔR,35538798,RA38,61692287.0
iKingRagnarr,35820841,#N/A,26104396.0
BDGㅊHR Habib,36145615,RR38,69300877.0
乂 HAXOR 乂,36397118,RR38,58414098.0
ナハト ファウスト,36594863,Rw38,29908544.0
jedifarm,36769449,RE38,26822728.0
Yavuz EVIL,37112672,RA38,52389784.0
diR,37239310,RR38,78515145.0
亗 FJ zi 亗,37421375,RX38,38099222.0
ToTA966,37447605,#N/A,24790345.0
Boemen,37461942,Ri38,40024289.0
Holdimonster,3747243,RP38,99176703.0
Dave D,37726163,RA38,47702333.0
IrоnGiant,37732597,RK38,75070988.0
۞Lissa۞,37756270,RA38,60846251.0
Fallin002,37763148,F38N,24648158.0
Đumoƞt,37765024,RA38,57970242.0
Sapper88,37773820,RA38,56289232.0
Amen0sa,38132570,RR38,82162236.0
Shanewarwolf,38232075,DK38,191592099.0
ackerman тит,38390141,Rt38,44595797.0
Red Devilsss,38672458,Rw38,27982328.0
Katara0304,38821571,Ri38,32169162.0
Pro RoK,38895906,RX38,42010685.0
MOTOROLА,38980106,RP38,62657661.0
サイタマ one punch,38997259,RX38,40021341.0
ItsAki IV,3909496,F38e,26121112.0
DarthB殺無赦,39190271,RK38,63895821.0
乂 HYDRA 乂,39250773,RP38,70951206.0
CIMO,39412545,RA38,59361719.0
Beast Eicosoco,39418334,RP38,58186436.0
tookax,39494780,F38S,26239873.0
FHK HellAngel,39637709,RP38,62437098.0
Fallin0001,39666473,F38N,37517826.0
LyoKo,39673397,RR38,75360953.0
ʇuɐɥɔɹǝW,39693303,RP38,61008762.0
乂WarRioR乂,39750664,RC38,24699526.0
Nebu ll,39751049,Rt38,34862777.0
ALMIGHTY BLACK,39756277,RP38,86344164.0
MadPharoh,39759597,RR38,92982610.0
kokoroo OG,39976329,Ri38,42718898.0
SoujiroLEE,4,RN38,31166323.0
PintossauroRex,40299040,RP38,64894417.0
亗BLS EVIL亗,40412748,RA38,74469671.0
Lazzys beefstew,40419140,F38n,45088000.0
Habib123ka4,40448251,Rw38,22737576.0
vɪcᴛoʀɪᴀ,40541417,RR38,40841917.0
axiaKing ツ OG,40823396,RK38,50087530.0
Dårth Invader,41086563,RR38,77535028.0
R U M A 云,41779923,RR38,65478828.0
TheTrueFarmer,41855461,F38!,39873820.0
n y a,41925878,RK38,45835951.0
カEitschiカ,42028782,Rt38,40385311.0
AndrewB2017,4209884,Rv38,30383929.0
RodCopperbottom,42331212,RN38,24313286.0
Fiona SMASH,42467519,RA38,78412902.0
King Røar,42659448,RX38,31997074.0
恒纪元之星,42882386,RH38,37533764.0
zeusS09,42989323,roah,24927180.0
slanter,43110892,RA38,76041110.0
SEMRUK,43133759,RX38,45657499.0
PICCO,43307988,RK38,56616727.0
oeschapa,43366078,RX38,37580534.0
Omniscient いち,43782411,RR38,58562871.0
LORDOFDRAGONS,43893200,OGFa,37442898.0
Fiona BASH,44071135,[{Hp38]Humble plebeians,32062945.0
not ryn,4445859,RX38,34217731.0
Wings of Rainy,44460685,RA38,55047158.0
COBIN,44665294,Rw38,37905422.0
SAYUR KÖL,44986862,Ri38,31104453.0
M3llow Shawarma,45187068,Ri38,25603519.0
NOBÎTA,45486740,RX38,42849087.0
Ring shoes care,45764094,RR38,63771296.0
SlanterFarm,45778024,RE38,24820387.0
ᵂᴬMOSTAFA,46131252,RX38,42377792.0
Khaled Ben Wali,46217069,Ri38,36247801.0
Royal Gazza,46678919,RP38,77431792.0
Yakoo OG,46972060,RR38,71098815.0
PintossauroRex2,47030081,#N/A,29994417.0
C h i K a,47257003,Ri38,57943877.0
Valkiara,47351877,RP38,75460680.0
Candyrain,48281776,RK38,69561893.0
BigBlkClock,48439949,]t38,26593975.0
MV KAOZ,48452348,Ri38,38852994.0
Pat king ll,48649473,F38!,27268891.0
DripBank7,48675758,Rw38,24692287.0
ɢɢ Candyrain,49137996,Rv38,24666703.0
KvotheSS,49174922,Rw38,47759566.0
Hoa Queen,49219204,Rw38,36673350.0
H O P E L E S S,49691603,Ri38,29585618.0
Suga 旬,49911535,RA38,74407251.0
황신원 of Rose,49964501,RO3E,37593570.0
Dantss个,50114134,RR38,71671283.0
Slayer X Stag,50379414,RX38,36590846.0
Blue 义 Balls,50653451,RA38,77202445.0
Greysummer,50846273,Ri38,23875173.0
NotSpicyMikee,5091253,Rg38,32323776.0
Chinese299,51061315,RA38,68747342.0
AMNA CASB,51213820,Ri38,38374900.0
Fakiu BB,51276356,Rw38,26747459.0
Corhejlo,5128347,Hp38,39991663.0
HASAN TIR0,51304605,RA38,58096637.0
QuicheeeX,51380796,RK38,50798351.0
Anarchy lord,51415089,RC38,42067100.0
TimeWizard x,51632421,RA38,70839201.0
ᴿᵒʸᵃᴵK,51651109,RA38,73614878.0
Persian King 87,51796131,Ri38,26624703.0
ᵛⁿMr Crab,52130105,RP38,56140600.0
JamesVeryT,52148124,#N/A,35437821.0
VARTOLÒ,52375803,RR38,58353759.0
AssAssin A,52419470,RA38,66921805.0
1P FOX,52435883,RK38,46938230.0
DARK EVIL 亗,52515492,RK38,58348057.0
Test Knight,52618268,RA38,77821338.0
Sir Rockzo,52619890,RA38,80114223.0
Sgt Muerte,52663991,RP38,86714874.0
Zea OG,52710496,RK38,42392791.0
Oxiurus Maximus,53317858,RA38,77081344.0
Memorize 150421,53399282,Ri38,29808543.0
HatredCopter,53410809,KotF,27096769.0
Qitiandsheng永,53459290,RR38,74034082.0
Ahmad 81,53474171,RA38,61609173.0
Daduck,53562053,RA38,83540434.0
パンダPandà,53565432,RA38,66804669.0
High Mage Cowl,53572619,RA38,73398189.0
Fàtty,53573536,RA38,65405660.0
TF26 OG,53639563,RP38,57220020.0
ZR Hüntęr,53653040,KotF,37052388.0
Danrif 冬,53702653,RA38,55353384.0
SinnerPridE,53720198,RA38,71913533.0
Barbosah,53734445,RA38,78606358.0
ᵀᴴᴱWIZARD,53803289,Rt38,40146395.0
GXarwana,53938211,RX38,43087558.0
Rack7,54128420,RA38,44235356.0
SoujiroLEE,54234687,RN38,31328035.0
fluorin4ek,54378153,RP38,61751478.0
Pand4Zinc 永,54530345,RA38,62878686.0
メFeldjager,54912695,RP38,69096289.0
Marcusᴳᴺᴳ,54977338,RR38,136854926.0
Haladîr,55086798,RR38,58193320.0
Vieja Tsunade,55094256,RR38,36939705.0
ZR Hüntręss,55127138,KotF,24481075.0
Tsunade     WTF,55133103,#N/A,24440943.0
Miniᴳᴺᴳ,55136170,F38N,40509745.0
4Zinc,55157892,Rw38,18169899.0
NO Rainbow Lexa,55179400,RX38,29425312.0
suppermen  1,55423883,DK38,25541536.0
mini Hoolee,5551404,RB38,34874970.0
goeland27,55565597,Ri38,43809307.0
Equuleus,55567655,Rt38,41094994.0
RunnerD,55584994,KotF,42705222.0
MBDB,55587705,RX38,31269528.0
Lazy lady bep,55784967,RP38,58135681.0
Melo 06,55846661,Rt38,40654483.0
Mr Kaoz,55851284,RP38,60512822.0
NEMOᴹⱽ,55874646,RP38,50818523.0
CAP Farm,55889857,Hp38,24472582.0
LeoBoyy,55986797,Rt38,33462480.0
Seon deok,56084361,RP38,46208669.0
Åmmōnïå,56131025,Rt38,30595679.0
LuffyLikePuffy,56189359,F38s,24312907.0
Wings of Yolo,56223472,RP38,46035019.0
MatYaki,56267611,RX38,46255487.0
Wings of Lib,56316995,RR38,46873938.0
HunterDemons,56345194,RR38,67587429.0
WO SpiderSam,56558968,Rt38,36183925.0
piratepunisher,56567751,Rt38,30965478.0
KaptenKenzo,56668188,Rt38,27853668.0
ᴵᴺ Ahok OG,56911574,Ri38,32905112.0
M3llow Abdi1838,57008215,Ri38,27281752.0
齐天大圣17,57069821,Vdcm,43795755.0
Roi René 49,57087134,Ri38,30187473.0
FlammA,57141256,RA38,79160201.0
ɴooᴅʟᴇ,5716022,RA38,41297249.0
Z theFarmer,57177740,RP38,49295934.0
MmDASHᶤᶺ,57403982,RX38,40731219.0
Goolins,57418518,Rg38,43691553.0
sant9gо,57442278,RA38,62269969.0
Farm Nit,57637301,F38b,27437800.0
Carnitas955,57893941,RE38,25382259.0
ÆTERNALS,57922872,RK38,46498772.0
sinnerpride2,58025104,KotF,27091437.0
Valkilittl,58137034,F38Y,24084935.0
Zenxer,58195110,RK38,44887785.0
ReX ʳᴼᵏ,58216523,RR38,51076139.0
Killplus,58310757,Vdcm,47917193.0
M3llow Choncc,58351719,Rg38,26058808.0
RC STING,58359807,RX38,41552753.0
HotShotTiger,58442808,RR38,81861239.0
SlaveTiger,58443603,F380,27945243.0
ServantTiger,58455235,F380,26811540.0
Bangᴿⱽ,58615587,RK38,41794378.0
Lemon彩虹,58681682,Rw38,25041559.0
BubblesLvs2Farm,58698652,[{Hp38]Humble plebeians,41383339.0
MongD2,58810130,RK38,64316002.0
Zinaidâ,58815176,Rt38,26347122.0
HEathens,58839227,Rg38,24375497.0
VikThōr,58883891,RR38,158181873.0
M3llow Empress,58920386,Ri38,21834568.0
ゼロツー      002,58968368,Rg38,25822415.0
Chrollо,58996561,RR38,85677856.0
ɳɢʋpɪ OG,59010105,RA38,68731697.0
THE BABY,59069826,Rw38,23816056.0
Yura09 OG,59151829,RK38,43430872.0
rank dark ue,59160864,Ri38,26088657.0
DesaSasarean OG,59171934,RP38,68679824.0
Bōt,59324361,RK38,58364219.0
Kingsummer OG,59331015,RA38,70860208.0
ᵈᶦʳᵗʸZA,59373607,Rw38,19286808.0
COMANDANDE,59400106,RK38,70180629.0
Drëkkles,59438289,RK38,58625321.0
Hoolee,5944784,RP38,73075719.0
MikeScofield OG,59692706,RX38,45153630.0
Odysseus シ,59797086,F38i,81571853.0
420 panda,59951634,Rw38,26666831.0
自由ㅅ 自在,59967543,Ri38,42999146.0
Jenny XIX,60059471,Rw38,32772078.0
Rin OG,60134257,RK38,50576029.0
Talivan MX,60141103,RX38,32584291.0
Jackncoke,6017556,RK38,74223265.0
Mighty Ares OG,60222813,RK38,36998000.0
CRI tiểu miu,60244782,Rt38,44754746.0
KinSy,60296881,RK38,62835938.0
CYBele,60297432,Rt38,41382321.0
AhBengKoh,60303728,Rv38,26562371.0
Jixco,60304697,RX38,33299077.0
Harutya OG,60334815,RR38,52496073.0
Bloodrocuted,60665838,KotF,27482072.0
fæ relax 8J,60811314,RR38,43565850.0
miss u wim,60891605,RP38,40031764.0
Sirvano,60954941,RP38,62203376.0
EDD XXXVII,61069638,Rt38,40403197.0
Baio nishizawa,61086085,Rt38,35351778.0
义ShAdEnO5义,61109803,RC38,36857650.0
Guan Chau OG,61178797,RK38,37173981.0
Whiteᵗᵉᵃ,61460506,Rw38,31972198.0
M3llow Plydz,61498739,Ri38,40364647.0
Oddᵗᵘᵍᵃ,61647508,Rt38,32812636.0
MSTTNCC,61827973,RC38,24624845.0
RV EMONᴮᴰ,61834122,RA38,48872390.0
Kiĺĺer wolf,61838834,RX38,44612353.0
DĒMŒN,61847388,RR38,64377713.0
Saddam68,61901644,RX38,23935667.0
CRAZY HAPIT,61918448,RR38,56420743.0
Arif Rh01,61924943,Ri38,33743724.0
XNXX IND jowo,61932165,Ri38,46361494.0
Lazy Phoenician,61944693,RR38,60560380.0
Lazy Luffy,61950882,RA38,67980170.0
Lazy Dark,61954227,RK38,42939306.0
FDantss,61983631,Rj38,31615838.0
尺V AsiF,62017843,RK38,42283760.0
SHAFINᴿⱽ,62017877,RK38,37790904.0
FaustPicaro,62074305,RK38,46919035.0
Kоlуan,62080073,RK38,67182874.0
Fluff n Fatale,62104788,RA38,55399735.0
DRIFTERS187,62166694,RP38,43903399.0
ChongChong84,62189019,RK38,50343013.0
NEMOˢᵃᵈ,62241563,RX38,41879089.0
么 Explech 么,62289360,RR38,62161545.0
LESHiy,62323092,RA38,69033432.0
HarukoHanada,62326004,RA38,56507891.0
Lazy Nanaメ,62351996,Rt38,30195216.0
Chuck乂Norris,62399044,RK38,60369465.0
19Alim93,62399898,RR38,71995282.0
自由ㅅ 小怪,62458819,#N/A,24660511.0
Mr Almada,62548492,RC38,30252787.0
BassPirateRed,62608636,RK38,52004091.0
Drúnken Arina,62608777,DK38,64375392.0
Fîshh,62660905,RR38,58145054.0
キトKITOKIちゃんOG,62679050,RR38,41568273.0
Callysta34,62687626,RX38,41100411.0
Pat kingllll,62720594,RK38,54086459.0
A T L Ã S,62739007,RR38,85779533.0
BDGㅊHridxᴿⱽ,62756828,RK38,40464484.0
Aquilasia,62763532,Rt38,41242102.0
معصب المهاجرB,62770125,RX38,35461509.0
Capn Toph,62853017,RK38,50711411.0
QueenKarlet,62903562,RC38,33328103.0
Lego Batman,62935309,RP38,68590548.0
SonicSuren,62942972,RR38,80781789.0
Lazy ﾒ Blue,62946708,RR38,66663732.0
Bani Ali,62988416,Rt38,26352297.0
Lazy Lýnx,63013160,RR38,57081918.0
shadow 0805,63080564,RA38,53479242.0
모조 Mojo M,63082694,#N/A,38387880.0
Lýnx Farm Boss,63115280,F38s,37383683.0
FirestormV,63119959,RR38,89788301.0
EmhiLy,63122485,RK38,50935814.0
Konstantinos Ma,63179189,RA38,57948253.0
ᶦᶰᵈカラス,63286295,RX38,39855764.0
乂JØN GØD乂,63354285,RX38,31520583.0
AdjieDoanks,63375965,Rw38,28645866.0
Jenderal Semut,63389548,#N/A,34991657.0
Lazy DUST,63453000,RR38,55452885.0
lady talia,63469420,RR38,38774685.0
Zapp Hunter,63478483,Rt38,36233217.0
Nīght Kīng,63480706,RK38,54771481.0
Tante Jin,63495915,Rt38,34715982.0
oDVHo F3,63498244,vk38,33752389.0
Blackshadow26,63559810,RK38,41608360.0
B AL AZS,63572648,Rt38,41074681.0
LITTLE Jon,63573884,RK38,55913820.0
Bye Tuga,63575767,RK38,49531097.0
Licht Red Baron,63579047,F38s,25578671.0
Portelá,63595204,RA38,48598304.0
Himurã,63598668,RA38,94542108.0
Dwardo1,63601569,RX38,44751803.0
Drunken Cali,63615619,RK38,61139353.0
ÃquaBöťòĺ,63622109,Rw38,23363090.0
XyouX,63627672,Ri38,43381199.0
RichCheese,63636671,Rt38,35341619.0
bArBaBiAnCa,63686087,RX38,41264770.0
TinyTifa2,63706408,KotF,24936452.0
Guam81,63720400,RK38,48734712.0
toops405,63733625,RK38,47615790.0
SabdopaloN Jr,63736667,PB38,29205822.0
ᴿᴬ Chalder,63737713,RA38,61145927.0
Warlord Ragnär,63751320,RK38,49889595.0
CISILIA,63774991,RA38,89626799.0
BaxeN,63790695,RX38,44380064.0
M3llowMabrock x,63811771,Ri38,62736274.0
AngelOfImpurity,63858590,RK38,48413642.0
Nemesis523,63860398,RK38,54778087.0
Hhh2,63871718,RA38,42954568.0
Nail1ÿ,63886129,RA38,47304784.0
Ringo X,63894724,RA38,59599294.0
ABØ AŁ HASSAN,63896422,RA38,47038211.0
SonStrike,63897345,RA38,45812331.0
A7X fold,63900101,RA38,42098033.0
GroundZilla,63918303,Ri38,37346648.0
OSkadon OG,63921213,RP38,56158951.0
mantovinii,63932677,RA38,75351928.0
R4j44,63951987,RA38,42982810.0
Flexÿ,63955350,RA38,79584250.0
Radnaxi,63968661,RA38,82427117.0
ChongChong Dono,64016617,F38n,25998386.0
Shadowofnite,64023189,RX38,68030333.0
tailor p,64044209,RA38,89574707.0
kentru,64059118,RX38,26421199.0
zaidoun,64085623,#N/A,39092395.0
TwoFacedMox,64115009,RA38,78855608.0
Dia X YB,64177151,RR38,81212923.0
RED SnappER,64237899,RA38,78682590.0
Kopi no sugar,64306210,RA38,65240851.0
RichKupo,64309507,RA38,77747119.0
Lýnx Boss Farm,64319584,F38s,31944389.0
Not RK,6432716,RX38,31697434.0
Lovebooty,64357899,MB00,24687188.0
Shepinski,6438579,Hp38,27025916.0
Cooper  X,64394420,RA38,56960408.0
balazs vilmos,64520739,Rt38,26578992.0
BDGㅊALVINᴿⱽ,64525422,RR38,54424618.0
Lil Flamma,64576781,[{Hp38]Humble plebeians,34348019.0
Mini MongD,64873354,F380,28779798.0
Alischer,6488711,RA38,67865478.0
ARGOBEL,64905605,RX38,40693195.0
Hello Babyy,65004476,RN38,24766935.0
YourLapu2xYard,65094873,Rw38,32302774.0
ᵛᵛBlablaa,65107216,Rj38,31865044.0
ɢɢ Sauerkraut,65163560,#N/A,24307826.0
safred,65429385,RX38,45220478.0
Battle BEAST,65484538,RR38,58790186.0
Liusen,65527076,RR38,58014142.0
SubstituteMox,65548507,F38!,25165022.0
Seed420,65750039,RP38,46505957.0
ᶜCỏ  3 Lá,65767675,Rt38,37584622.0
ASHIMO LION,65877360,Rt38,45240881.0
EVillord,65935461,RX38,35066178.0
RichCupcake,66006431,F38i,34910523.0
Tim Tuga,66055533,Rt38,29082772.0
NjörD Farm,66144116,Rv38,35290640.0
Night Färm,66190912,Rv38,26791023.0
A죽음,66226973,Rt38,35608239.0
Jeg forstar ikk,66238127,Ri38,25703004.0
Lady Leee,66284657,Rt38,33873255.0
Mᴀᴛsᴜʀɪ,66337482,#N/A,28049729.0
Sumitomo SH210,66337757,Rt38,35022590.0
NEBs,66371997,RA38,85474789.0
f㋛res,66374084,Rt38,30734884.0
Eriegums,66408786,Rw38,35847951.0
Guan Chau 2,66424168,Rw38,27793716.0
义Sala义,66466622,RK38,50569956.0
Castratikon,66504517,KotF,26054023.0
LaserCannondeth,66506925,KotF,25588466.0
Noka AXL,66715811,F38i,26629719.0
ツĀV㋛ŤĀŔ,66765325,RP38,34175343.0
Gunarboy,66802116,RX38,35225232.0
SmileMorning,66817290,RR38,36019581.0
Prëtty,66903398,Rw38,36353435.0
bioruben,67058811,RP38,58645401.0
亗㋡PirateSTEVE,67069422,Rt38,19954632.0
Bamboo ALL,67074469,Rt38,46630179.0
Novalk ALL,67116818,RK38,48251222.0
ˢᵗᵐ R4J44,67130734,Rt38,36198360.0
jmcdo4,67133364,Rt38,45818249.0
38 l Anasboi,67137328,RK38,54628459.0
Sol InvictuS,67145172,RK38,54985631.0
JealousSs,67147404,RR38,42172968.0
C㋛㋛per,67174967,RR38,44788363.0
KinG 2020,67180833,Rt38,40070930.0
义Galatian义,67184899,RK38,49981139.0
IrenêAdler,67195299,Rt38,46375215.0
Jäzzmine,67202956,RA38,50252628.0
WIN CôngĐạt,67246450,RA38,57641548.0
M WARSONGᴿᴬ,67465056,#N/A,34647984.0
JOSE2,67548799,Rw38,32910133.0
tiråmisü,67609112,Rw38,31451995.0
Tôn Vủ,67663968,Rw38,35300677.0
义 daeny 义,67704983,RN38,25062902.0
Erwinlim,67980415,RK38,40284717.0
Bubuhan Paculer,67999885,RP38,45588349.0
尤吉歐Eugéo,68007996,F38N,37117449.0
BlēstFoodz,68019444,RB38,25877425.0
乂 Zora 乂,68138742,Rw38,13661396.0
Mr BigTbn,68350663,RP38,26873028.0
ᴰᴳ TheWall,683664,RR38,73740936.0
Aoi  Sora,68399761,#N/A,38075054.0
DHAFIR OG,68543872,RK38,49516542.0
RickyAF,68599021,RR38,43174364.0
PREDATOŔ,68605432,RK38,48100244.0
G҉a҉r҉i҉p҉,68627238,RX38,41153229.0
Rédllíóñ OH,68635481,RP38,29230347.0
nguyennopro,68694772,RP38,38955818.0
Fatima Az zahra,68715283,RP38,46018577.0
Kayy00,68734401,Rw38,26474546.0
Castle Black69,68737021,]t38,35187756.0
Mini Hanie 1,68760958,OGFa,27644330.0
JonnyKr 爺 2,69070665,Ri38,25549322.0
Sleеp,69090210,Rw38,32796854.0
saw FarhoD,69100400,F38S,25661706.0
ᵀᴶ Badboy,69199791,RX38,46327905.0
BigLoai,69220396,RX38,34326870.0
SMOKYR,69366835,RX38,46017599.0
Sir Brraapp,69541181,RR38,42563252.0
Louie13,69545360,RP38,75669219.0
Death Z7o55,69584739,RA38,33767191.0
Mmarsh,6960423,RA38,83696914.0
Queen jail,69665867,RR38,35401402.0
ᴹᴶPanda IND,69765624,Ri38,42534387.0
Queen Terrible,69765691,]t38,40641955.0
Simontx OG,69847791,Ri38,36091829.0
Dod OG,69851361,RA38,43735511.0
Hanie OG,69915557,RA38,57712119.0
乂TekasHI乂,69967186,Rt38,31739347.0
August ᴰᴷ,69972191,Rt38,34449320.0
ICHIGO OG,70015615,RA38,41005804.0
乂BILLY乂,70093676,RK38,45850223.0
ᴰᴰBlackHawk,70130949,RK38,46419501.0
SI OPTIMUM PRED,70132784,Ri38,32887516.0
SLAYERDanny,70189040,RX38,31543688.0
MaddKING Ragnar,70209602,RA38,55141555.0
x   Z I O N   x,70218713,RP38,39631171.0
KowC,70504681,Rt38,34978611.0
Dod 1,70615113,Rj38,25297362.0
ʷʷ Hoshi,70654401,Ri38,33894508.0
BANTENG BLAGU,70669896,rm38,25325775.0
elymist,70764354,Rt38,27463318.0
Rifmoplet,70797559,Rt38,35009349.0
Dybala junior,70821752,Rw38,27256425.0
Atreus591,70857667,RA38,71587912.0
SiBuluBulu,70882216,F38b,25021176.0
Loard2002 OG,71064808,RK38,36099020.0
ScReamOuS,71224394,Ri38,29167579.0
Slayer X Minato,71268595,RX38,35906750.0
JustFocusTheKVK,71318742,Rw38,45331667.0
PABAN,71320446,RR38,98673417.0
ç ī m ø ľ,71363203,Rt38,40408406.0
HarryPoTHeaD420,71366499,RX38,33737912.0
Dragon Paris,71406414,Rt38,35454050.0
FrankIyn,7143022,RP38,71630438.0
OmniManToo,71782184,MEow,24555857.0
TheDarkFuryᶰf,71824582,RK38,50382755.0
火 Z E Y Z,71841266,RR38,33752019.0
QuuenBankk,72197579,Ri38,32828505.0
Taurus 0,72334719,DK38,25582509.0
Yunoos,72346203,RX38,44730550.0
Polcadot,72466066,#N/A,24964202.0
ヤ DarkHadi,72502696,RR38,35920946.0
Hector133,72557634,Rw38,23332095.0
Grrlglglg,72628943,RE38,28463597.0
Jorgańdr,72969016,RX38,38554558.0
Bebalu Bjg,73393192,Rw38,34145067.0
SlickRiick,73399169,RX38,33412980.0
Queen Tigro,73461895,RM38,27186333.0
Pulcino PICCO,73495285,#N/A,35063310.0
a4dani,73551691,RP38,68197091.0
Y Amlak K,73670637,F38i,41879367.0
twєєtч,73802284,RX38,45387887.0
DaProd,73870935,RK38,58320731.0
Small Haniyasu,73884186,Ri38,25991199.0
o POMPEY o,73901502,RA38,59203177.0
Lil Flexy I am8,73915182,F38i,40124885.0
KhaLᴇᴇsí,73925214,RA38,47360581.0
Valkixo,73993251,F38Y,25364653.0
ScRappyDoo,74240206,Rw38,28037203.0
D assassin,74264682,Rw38,30108043.0
tomizasu 0,74307326,F38K,24772351.0
KROLA Q8,74357168,Ri38,26203424.0
BFLO,74504631,Rt38,16359915.0
Master Tèo,74522049,Rw38,19346863.0
ᴹᴬᴸer OG,74585022,RK38,38842372.0
Flintチだ院,74919143,Rw38,35702251.0
ˢᵑ SimonLP,75075936,RX38,37866075.0
ßIank,75084130,RR38,58632559.0
Izzy 永,75144155,RA38,49658235.0
LynXxx,75209116,F38s,35151187.0
phamduc711,75316554,Rt38,35098279.0
Organic Orange,75341412,YG21,27603891.0
火Ҝaramag火,75397619,RR38,45162857.0
火SmileDance,75398017,RK38,45187762.0
Dukateway,75522322,F38S,35022467.0
Pirate Kidz,75577618,Rt38,30692601.0
Chrollo 2,75596898,RE38,24504197.0
El3ctricity,7568329,RA38,68704196.0
TP I BENTURK,75712086,Rt38,33586498.0
Pooty Slayer,75767119,RR38,81952890.0
pirate omponG,75881042,Rt38,23510047.0
B O K U T Oヅ,75888646,RA38,41677619.0
XeLLin,75908772,RA38,43975307.0
Pirate POPEYEラ,76023324,Rt38,22951183.0
XxxNOBLExxX,76025975,RX38,43060924.0
Lexyyᴿᴬ,76034575,RA38,50074239.0
D Waow,76050609,Rt38,35495808.0
DM LYNSERO,76058615,RX38,31565951.0
DM Cimeterium,76112824,RX38,32108533.0
Dèvalish,76122309,RR38,49337841.0
68GL Caile Juhn,76153330,RX38,30238305.0
RJMB,76158410,RX38,43981825.0
Mschief Manage,76180743,RX38,38444360.0
IJOMI OG,76195639,RK38,43874500.0
Prоstoy,76216620,RA38,51575114.0
xpad,76218406,RK38,46352904.0
Тuz,76218861,RK38,51771885.0
small big boy,76251114,RP38,37219722.0
Evangelion00,76274398,F38s,35441207.0
Barakjiii,76297693,RK38,52304620.0
PolarT,76319094,RE38,25981734.0
RengoJR,76345171,LF38,24911460.0
Rules OG,76373142,RK38,43956121.0
ᴮᴰNIMROD,76490131,RP38,39464315.0
Bar Liar Y,76502028,F38i,25093643.0
A i n gˢᶠ,76585321,Rw38,32430812.0
ˢᶦ Rippat,76603428,RX38,26708515.0
SAAD EVIL,76760949,RA38,28253496.0
ṩĶÿ ễ,76771772,Rt38,24313471.0
ᴰᴷ mōøvik,76795427,RK38,38579863.0
AndrewB2000,7681587,RK38,74859832.0
Spаniard,76851235,RR38,61239297.0
M3llow Izzy x,76856995,Ri38,24430971.0
Queen Risk人,76869735,RK38,43399301.0
the PuNisHeR,76923099,RX38,39951322.0
BunnyOfImpurity,7696305,MEow,29936520.0
Ветерок5,77220907,Rt38,25055648.0
KangBakso471,77415864,Rw38,16773997.0
shark vn,77427239,Ri38,34867683.0
rjmb,77529769,GSA3,24352725.0
么LFA  TR,77544243,RX38,49163452.0
BabyBlackshadow,77644159,F38s,24831644.0
BankOfRisk人,77645158,Ri38,28996878.0
ᴷᴳ김사나,77683403,RX38,34948712.0
VALIANT Gekk,77727751,Ri38,26509901.0
义Pirate义,77753647,RP38,41061714.0
dogtanian,77762406,Rw38,26991522.0
DjieSamSoee,77771007,Rw38,22101422.0
R R THANKS,77796370,RH38,24849029.0
Sugar๛ 0070,77846662,Rt38,34962596.0
PT PTT  ジ,77930129,RA38,52672988.0
SabdopaloN,77946659,RA38,44884868.0
PM Nicha,77967742,RR38,84115813.0
ᴿᴿVARTHAN,78024889,RR38,44285730.0
Slugger187,78025780,Rw38,25046619.0
Pirate cimut,78405318,Rt38,23484031.0
XHĐ1989,78546222,PN38,25060475.0
Fatima Azahra,78593770,Rw38,33699551.0
Suesame01,78599363,RP38,31784696.0
analuiso,78782252,#N/A,30952666.0
NASTHAEL,78800403,RE38,27907834.0
Lord卩nus,78804129,RP38,35153377.0
MrBANvn,78823033,RP38,34938499.0
nhàtaocóTV,78825352,Rw38,24983065.0
Slayer LegionX,78844814,RX38,22727814.0
CatNatRN,78939625,Rw38,25914472.0
BENORAN,79083099,RX38,33585708.0
lovebird1,79101788,Rw38,31097474.0
LEe sUn,79282837,RX38,37400358.0
屮 Escan0r 屮,79360533,Ri38,27612073.0
CisiliA JR,79394174,fa38,28135955.0
CANİK TR,79444007,RX38,35233982.0
ᴰᵀVƯƠNG,79488330,Rw38,28015606.0
I M BuồnBank,79498103,RP38,38003250.0
云 Ericarenee,79607276,RX38,33586261.0
Heo Bé Ba,79756107,RP38,42609892.0
NjörD,79774474,RK38,42028737.0
KillerXLeonidas,79799254,#N/A,32967542.0
G A N J A A A,79819283,Rw38,36199949.0
メDorukメ,79819300,RK38,46364451.0
ᴾᴿᴼシ F1,79837494,RX38,33986598.0
Tias666,79884545,Rt38,43119832.0
MetteHit,79910580,RK38,32250552.0
BoUnCeR61,79935816,Rt38,24108902.0
Hʋŋtɘʀ,79940825,Rg38,25302581.0
BABY Jolan,7996506,Rw38,14579687.0
Evër,80025938,Rt38,24250423.0
S P L l F F,80093965,Rw38,21892031.0
Millzz,80104536,Ri38,18372473.0
AtticusWiggleBs,80187532,RK38,41408666.0
ubutᵛˢ,80207342,Rt38,31358008.0
Yput,80223445,Rt38,32427060.0
Pirate Wiz,80223861,Rt38,19775359.0
TheDANdaLoRiaN,80244425,Rt38,27003622.0
BeardyDTD,80252834,Rt38,25583906.0
Sage of Bs,80257931,Rt38,25765123.0
Angelᵛˢ,80264477,Rt38,35660339.0
PirateDickHead,80309379,Rt38,17851996.0
Slicemup76 RT,80343055,Rt38,30919011.0
Stormin15,80358024,Rt38,30935560.0
Ch0N,80394569,RX38,40250029.0
Grandpa OG,8042386,RN38,88402941.0
ʟaᴜʀa ᴏɢ,80449273,RK38,48753874.0
Vēnomous OG,80489423,RK38,56294824.0
EVANGELION02,80565868,F38S,32229000.0
FarmLouie1,80636643,F38i,26194506.0
Thorine by Bs,80644934,Rt38,30876781.0
Pirate۞Gypsy,80699071,Rt38,19043446.0
orphic ʳᵗ,80727532,Rt38,26455117.0
F2P KiMi,80781472,RX38,37886361.0
RINGROSE,80858495,RX38,31389843.0
RussDaRabbit VS,80867484,Rt38,34627627.0
myangela,80959999,LF38,25228753.0
Newbie 26H,81006115,Rt38,23564189.0
Cimeng OG,81263107,RK38,36300082.0
彡2 Angel ヅ,81359161,LF38,25354840.0
Aahil1,81439535,Rw38,32169946.0
City xpd,81517208,LF38,27611362.0
Zettium,81531635,Rw38,28539595.0
pąpůť,81532426,RC38,30422866.0
乂T E F K A乂,81742039,RP38,35194487.0
DedZēd,81744337,RR38,35941494.0
Imperator Venum,81744680,RP38,41717699.0
SHSH月月,81748803,RB38,27818206.0
GÃËTØŪ,81750678,RK38,36825334.0
SHSH神神,81756302,RB38,26986366.0
Sytore亗,81772415,RP38,47904561.0
Sir uwu,82052885,Rt38,26099803.0
Xaramb1t,82284361,Rw38,24873446.0
bsunny,82308267,Rg38,33667818.0
M3llow Saksa,82311998,Ri38,22342292.0
sᴿ Mentum,82428994,RX38,26674855.0
SpartaCouilles,82856645,RP38,39913071.0
D1sasterx87,82887206,RPnJ,27198419.0
ᴷᴳ김사나ᶤᶺ,83068025,RX38,39130812.0
M3llow FAITH,83201249,Ri38,35289922.0
QueenCaliᶤᶺ,83297380,RX38,30325987.0
Luffyᶤᶺ,83301961,RX38,25602278.0
Togepikᶤᶺ,83303668,RX38,29116167.0
Adragar ᶤᶺ,83307848,RX38,35260140.0
SiDji ᶤᶺ,83310067,RX38,48349173.0
SooKeᶤᶺ,83311677,RX38,34417500.0
A7med ᶤᶺ,83318918,RX38,30399003.0
Albabtooᶤᶺ,83321029,RX38,28036222.0
Leo 0,83345137,F38i,30178220.0
ᴮᴰᴳÇimut,83429851,Rw38,23474694.0
Jablay Pirate,83446660,Rt38,25423475.0
Zãnøagã,83526855,RM&W,50433151.0
Mikhæl,83529205,]t38,31266780.0
Salao Pablitox,83552022,RX38,34997604.0
Hispaniaᶤᶺ,83556524,RX38,36453272.0
ᴾᵁ Dreams,83563824,Ri38,33773132.0
MarieJeAnne,83566332,RX38,29040461.0
MeFiSt0ᶤᶺ,83571282,RX38,40269289.0
dmoniak 93,83594081,#N/A,29825311.0
Driscie,83619899,]t38,42430076.0
belaguu,83636766,Rw38,9633111.0
Cousᶤᶺ,83660407,RX38,38818309.0
M3llow SlimJim,83664660,Ri38,24550731.0
FREEZEDOM,83681926,RX38,32695033.0
Paroquetᶤᶺ,83714282,RX38,42348774.0
Viddik,83773499,RM&W,24538076.0
Kyłe,83956095,Rt38,33544909.0
SEDAT PeKeR,83961633,#N/A,25990266.0
ヤGetLost,84039013,RP38,35272830.0
Moustfa,84061546,RC38,28795753.0
Sophie Maxi,84084376,RX38,30299672.0
ʷDexterXX,84087218,RX38,26330507.0
ᴳᵂKzadé 왕자,84118914,Rw38,30644601.0
Fairy Tough,84184533,Ri38,23729556.0
Cr3epsReborn,84422173,Ri38,30376213.0
ᴹᴰAken,84425529,Ri38,37653024.0
ReignTwo,84449449,Ri38,24039588.0
RagnaRöK,84452211,Ri38,26799467.0
Doctor Magu,84457284,Ri38,32541794.0
Lil ARES,84468452,Rw38,30337780.0
ᴰᴴLil Crony,84468847,Rw38,33603724.0
HoneyCook,84468905,Rw38,28203718.0
Giock,84469048,Ri38,23974930.0
Antź,84472406,Ri38,28941603.0
ACHRAF 07,84480956,Ri38,22984124.0
Jackosville,84482307,Ri38,24786907.0
Z3roCooL,84483050,Ri38,26127964.0
a511a5110000,84483508,Rt38,26030929.0
busdriver01,84489261,]t38,30146054.0
popie the great,84496079,Ri38,24779402.0
liloliks,84500039,Ri38,22448086.0
Wenskiee,84507550,Ri38,41741917.0
綾野居士,84578178,RX38,26975974.0
Adley H,84623577,RP38,32918202.0
ᵛⁿDVHⁿᵛ,84652781,RX38,36486792.0
711 pirate,84665686,Rt38,23736870.0
Slayer X Yan,84721426,RX38,18027462.0
Chipi2021,84863879,Ri38,34440297.0
UmayKhan,84881332,RK38,34678777.0
ZettuS,84895741,Ri38,40825403.0
Zettum,84899781,RX38,31421030.0
Little Jūles,84934733,Ri38,31338553.0
momochï,84981994,Rw38,26256576.0
ᴹᴰ Kanako,84992368,Ri38,24042507.0
ᴹᴰManiLA,84993930,]t38,26035153.0
ᴹᴰSoma,84993931,Ri38,23713853.0
Lemonちゃん,84998606,Rj38,24331787.0
VonLohengramm,85009635,RA38,99591817.0
CơmHeoQuay,85229521,Ri38,32473728.0
ᴼˢGrupeFrait,85261054,RX38,32823856.0
MW Hades21,85349703,RR38,24822788.0
Fehme,85366544,RC38,25425462.0
Salah Dawod,85371359,RC38,28528127.0
ZAFAZ,85445513,Ri38,23842857.0
WeFiSt0ᶤᶺ,85448673,Rg38,27367951.0
乂DEAD MAN乂,85461131,Rt38,28095760.0
Atyaf H,85461302,Rt38,31940287.0
césar le bon,85506145,#N/A,32167687.0
Całî,85689750,RA38,85252800.0
Berserkerシ,85766430,RK38,32733057.0
We7ed khanメ,85773434,RK38,30450631.0
oCcr16,85779450,#N/A,25538280.0
Reaperメ,85790011,Rt38,26893916.0
Cram337,85825206,RA38,81593341.0
R38 Hunter,85832280,Rt38,37590514.0
NAIF EVIL,85880212,RK38,34465825.0
Princeツ,85918614,RX38,33864342.0
チュパ,85942663,RH38,27386970.0
Ali Gátor,86002978,RX38,36076719.0
Sułtąnąツ,86108244,RX38,32850578.0
I Am Brayan,86151634,RX38,31487692.0
ᴬMinnie,86176618,Rw38,35787543.0
Akenkeren2,86238869,[{]t38]]erri ]ribe,24983351.0
IM BLAGUK777,86247358,Rw38,24974066.0
SM Jupiter 98,86290332,PB38,31049828.0
BU Kelly,86518330,Ri38,24995737.0
ロストチャイルド,86570708,RH38,27317394.0
Cro Patria ٚ,86624714,Ri38,25697269.0
JUANJO1,86732270,Rw38,17935883.0
AbuZaki,86883323,Vdcm,27908207.0
ᴿ乂Drughi,87137976,Rt38,30055323.0
Jöss īī,87426831,RK38,34168309.0
DuckInBlack,87481833,Rt38,25072793.0
VR Sage,87615855,RP38,33344932.0
Piяate Jєwєl,87981918,RP38,25525044.0
GweC,87989436,Ri38,25227787.0
LegendsNevaDie,88010657,RB38,30205719.0
TikkaT3,88028769,Rt38,23144849.0
Aom2564,88096540,Rw38,20317337.0
ᴹʳ ŦǤØ,88203498,RP38,35122314.0
Lofted,88318766,Rt38,26571264.0
Lan Thương,88367615,RK38,34386021.0
M3llow Spider,88905382,Ri38,26027386.0
Sir Jacquouille,88919373,rm38,25267568.0
KingDesrt,89179743,Rw38,24431062.0
ARISA OG,8918322,RA38,80218075.0
R  E P L A Y,89230814,RP38,23968971.0
busdriver02,89303794,]t38,27446025.0
supersim,89422675,PB38,23778176.0
GeasLite,89617826,RP38,29253183.0
ᴍʀ Delaney,89893125,Ri38,29555122.0
Serito Кun,89921027,Rt38,20139307.0
z Lạc lạc z,89984847,RN38,25028640.0
Tjoho,90084857,RX38,27827649.0
ProfZebu,90147351,Ri38,30734948.0
D U N K E R,90184186,Ri38,27586665.0
ᴬᵂMalek,90190464,RK38,55014877.0
MW NaMi,90421701,RC38,26678827.0
Sudirman OG,90562328,RX38,27012050.0
I Love 2285,90827038,F38K,26869337.0
MohamadMutasem,90920459,Rg38,25927461.0
Paperkylla,90935992,Rw38,15853170.0
Valkyrie Valara,90940423,Rw38,10585390.0
Kreeholio,90945690,Rw38,16874998.0
RoyParker,90952973,Rw38,21756008.0
Koruoa MINI,91218417,Rw38,25389909.0
DZ  亗  HUNTER,91324773,Rt38,19004072.0
ꜰᴜɴᴋ シ,91345871,RP38,24067242.0
HaeSoö,91384301,RP38,23851148.0
Míck Dundee,91393098,RK38,40128912.0
Ｆ Ｕ Ｒ Ｙ,91404607,Ri38,23421122.0
Moonraiser 2,91433759,#N/A,26125553.0
PIlyo,91434902,RP38,25271399.0
GerNbET,91438459,RB38,24128499.0
lorde edge,91456190,Rw38,25410962.0
B T K,91606916,RX38,33079914.0
city xspd,91938689,LF38,25163445.0
G U E V A R Aツ,92000528,RX38,32797585.0
Nate1 0,92123052,MB00,25669280.0
Raung 4WD,92573671,RX38,25608864.0
KOLAYMAUNG,92688471,Ri38,25219030.0
ᴹᴰjrwn,9322230,Ri38,41344656.0
M3llow AMIR,93578062,Ri38,24455974.0
cháN đờI,93678362,#N/A,25017032.0
Pirate Ørń,94267350,Rt38,20753668.0
EDlT NICKNAME,95303176,Rw38,21639454.0
Scott I武统,95317724,RR38,33270456.0
BatuhanSahinn,95337325,Rt38,20125037.0
Slayer X RexRie,95370607,RX38,19234997.0
Thê Jøkęr,95382558,RX38,23489322.0
Pierrot CEO,95413495,Ri38,23658549.0
M3llow 5010m0n,95449096,Ri38,20873850.0
Nerf ö,95459238,RR38,104593035.0
Dark PİRATE メ,95473038,Rt38,19063416.0
MrFreewind,95476219,RP38,24233924.0
GeNZo SitaRe,95486999,RR38,24407101.0
ᶜʳᵉᵉᴰ,95491469,RM&W,24064601.0
Pirate Scarlett,95492445,Rt38,23917527.0
DevinoxD4th,95540014,Rw38,14325185.0
A7 fold f2P,95544761,RX38,22783091.0
愛麗絲Alíce,95560188,RR38,33617741.0
Sharks2009,95607392,Rw38,25334913.0
LiarsV,95629433,RP38,34485188.0
Trooper Farmer,95636110,RR38,29529872.0
Small Mitsuki,95667863,RA38,24084580.0
Ms Revane,95667881,#N/A,24473598.0
Changé 嫦娥,95668784,RR38,31492268.0
㐅1 cödè ㋛,95673384,RR38,28351749.0
VoidPsycho,95674238,RP38,27514050.0
Trooper 尺ひﾉ,95676053,RR38,24406266.0
Jounin Lima0128,95676117,RK38,17697983.0
mAdzz y҉,95676183,RA38,26526529.0
PapaZiggᴿᴬ,95676360,RA38,22957473.0
Jedi Mätty,95676399,RR38,81233888.0
pirate snowman,95676492,Rt38,15589610.0
Trooper Morenth,95676642,RR38,28977886.0
Baby Lieber,95676651,RP38,45041090.0
FîshGold,95676696,Rt38,20893626.0
Mr Bigfish,95676746,RP38,111350297.0
亗Solo Level,95676757,RR38,26033615.0
Mr Kiraln,95676768,RP38,23840023.0
Brals ᴾᴴ,95677008,RR38,26848667.0
GWENDOLYN POOLE,95677106,RP38,22300236.0
LegendDingus,95677139,RR38,25069113.0
Small Snow,95677201,RR38,22924732.0
Mr GerNbET,95677203,RP38,25866689.0
亗 Mezy,95677291,RR38,27438037.0
Killer X Robobo,95677486,RR38,32198131.0
Ryoujii,95677955,RP38,25459268.0
Mr Lonely Kaoz,95678089,RP38,34760337.0
Killer BKBL4Z3,95678108,Rt38,18840274.0
Mr DrAkEnN,95678322,RP38,18552634.0
裁决Blade,95678399,RP38,33576757.0
xPokerPQ,95678464,RX38,22723589.0
Your Lil Donutz,95678848,RA38,21948022.0
Anbu Andrew,95679756,RK38,29973934.0
Darth Guy,95679932,#N/A,34159532.0
ɪɴsᴀɴᴇ,95680616,RA38,25518860.0
ᴄᴏʀᴘsᴇ,95680750,RA38,24379575.0
MrChunkiebean,95680832,RP38,21735443.0
Mr Ǥuss,95681157,RP38,24422794.0
ッDBッ,95681780,RP38,52262391.0
Trooper Shinyai,95682056,Rw38,18782442.0
I Am Tea,95682829,RK38,36628275.0
Tōkyo,95689782,RP38,23604728.0
Jounin Storm,95698763,RK38,17781693.0
jedijason123,9570341,RP38,19583193.0
Small Yasuo vn,95769419,RA38,28021187.0
Anbu Kyando,95808013,RK38,9616883.0
SD伤心YAHIKO,95822497,RX38,25101720.0
ᴳᴳ Ana,95833977,RP38,22569803.0
ᴹᴰKentttyyy,9589695,Ri38,36365222.0
maLdiTa,95922939,RP38,14180287.0
Baby Ravenx,95936756,RX38,20739982.0
M3llow Set,96004591,Ri38,24195328.0
Slayer X Lukob,96006500,RX38,20595042.0
RikoSaikawa,96007827,RP38,24198178.0
KannaK0bayashi,96008726,RP38,17835937.0
JouninﾒH1R4Mﾒ,96025702,RP38,24352071.0
Trooper Cacimo,96053409,RX38,23101990.0
M3llow FatChub,96054558,Ri38,16578512.0
M3llow Poro,96055460,Ri38,32973301.0
M3llow Adam,96057102,Ri38,19694428.0
ᴺᴼMęrcy,96095459,RR38,25080417.0
xMalcom,96101018,Rw38,25233168.0
Dr AnderStrange,96104411,Rw38,15928928.0
CHANBAOKAN,96105156,RR38,26146203.0
Aɢɴɪ,96119113,RP38,27170419.0
Spider Bøy,96119582,RP38,23603479.0
Q80 HUNTER,96121928,#N/A,27402482.0
Princess Avalie,96126999,Rt38,11257225.0
Pirate Cyclöne,96128033,Rt38,17740087.0
Mr Pëppër,96130927,RP38,16806258.0
virus dz,96130941,RP38,15481183.0
Here Cums Elmo,96131574,Rw38,21837340.0
Pirate McStouty,96139324,Rt38,21611455.0
M3llow Airumi,96140979,Ri38,21759323.0
CaptJackShadow,96143916,Rt38,21390646.0
Nāyeon,96148458,RP38,18169818.0
Rømanoff,96153296,Rw38,14716335.0
Aşhu Maşhu,96161791,Ri38,16917749.0
Jerooooo,96165300,RP38,25246530.0
Boss Paperkylla,96167374,Rw38,18499823.0
M3llow Rod,96170888,Ri38,19672422.0
x  ACE  x,96174821,xACE,25267977.0
Mr neGspoD,96176549,RP38,17411828.0
Lady Nude,96181565,RC38,25441218.0
PrZBeeblebrox,96188922,RR38,27014217.0
Small REnAR,96191138,#N/A,24313529.0
ExileANt,96191862,Ri38,28848891.0
TINApie,96195262,RP38,18243499.0
M3llow Touch,96195946,Ri38,17459623.0
Dotsawnt,96196248,RP38,74365111.0
Thor pipaskat,96197094,Rw38,14378244.0
M3llows Thorgir,96197563,Ri38,20330753.0
x ETH x Farm,96197953,RE38,44748814.0
DoraOriginal,96198317,RR38,24731024.0
Killer X Marco,96199430,RX38,6646280.0
DJ 143,96200352,Ri38,24296724.0
IronMan z4,96200949,Rw38,16762456.0
M3llow IFF,96201419,Ri38,17314375.0
Small JucCy,96201947,Rw38,12657739.0
Trooper Bobo,96201962,RR38,30240249.0
M3llow W44RD,96204359,Ri38,18191864.0
Trooper Clînt,96204648,RR38,31258747.0
Brown Sugar KWT,96204830,RP38,26540318.0
Interim Name,96207548,Rt38,13857596.0
Sheldecksss,96209643,RP38,36027554.0
nøødle,96212053,RE38,23994040.0
Killer Riaz,96212776,Rt38,16135532.0
Midlánèr,96214090,RX38,16474125.0
Slàyer X Uchí,96214479,RX38,17664241.0
Trøøpër LKW,96215472,RR38,33693578.0
lepreal,96216646,RP38,21296416.0
SlayerˣPosty,96216683,RX38,25932655.0
Jounin Rey Vago,96217658,RK38,25833402.0
Scarlgard,96218659,RP38,20345908.0
Craneokid,96219972,RP38,28984095.0
Pᴇʀɪsɪᴋ,96224387,RP38,24076568.0
Pirate Arcane,96224409,Rt38,22753563.0
Pirate kicking,96228988,Rt38,21588099.0
Nicolau07,96229112,RK38,14063179.0
M3llow Dude,96230581,Ri38,23222530.0
Babelou,96233893,Rw38,22008672.0
ᵉᵐᶦ,96234544,RK38,16652478.0
BloodViking57,96234720,RP38,24109352.0
SlayerVannalla,96237983,RX38,26615044.0
M3llow Blawb,96238368,Ri38,17305271.0
Small Bürgerm,96239377,Rw38,16278227.0
Happy Honda,96239466,RP38,12497908.0
Mr Trandom,96240225,RP38,18527617.0
M3llow Treez,96240899,Ri38,22566956.0
Mr TomaHawk,96240941,RP38,16467010.0
Sneaky Link,96241263,RK38,19785439.0
Bl4cK Wid0W,96241549,Rw38,24464686.0
Gilded Goat,96242448,RK38,38057054.0
CaptainFelixᴿ,96242763,Rw38,14254303.0
Jagermiester,96244148,RA38,26295596.0
Falcon Solider,96245101,Rw38,10613431.0
m3llow mannkalo,96245923,Ri38,19270020.0
M3llow Thinker,96246071,Ri38,22780653.0
Under Boss Para,96246383,Rw38,16829666.0
Steelrone,96248420,RP38,16621218.0
Heimam,96249805,RR38,25246453.0
M3llow Tuna,96250012,Ri38,21185798.0
VceN,96253426,Rw38,14342269.0
Dr Ragnarson,96253628,RP38,24874525.0
Jounin Temp,96253645,RK38,20889101.0
Trooper Mox,96254479,Mr38,26384377.0
GangsofWasepur,96254604,Rw38,17190586.0
Ashwillmore,96254835,Rw38,14710625.0
M3llow JCO,96255103,Ri38,13385001.0
Slayer X Morlan,96255688,RX38,26835656.0
M3llow Death,96256699,Ri38,14623814.0
KÖNİGSRASSE,96256955,Rw38,12507077.0
BlēsT,96257100,RP38,51036306.0
Small JMQ,96257326,RA38,26936540.0
M3llow Switch,96258082,Ri38,19573759.0
M3llow hello,96258173,Ri38,20627639.0
MexiSpideyJay,96258521,Rw38,17265419.0
ㅡLIGHTㅡ,96259184,RP38,22096628.0
M3llow Yami,96259471,Ri38,14877896.0
Slayer x yMt3,96259916,RX38,21729852.0
Pirate SOMALIA,96260831,Rt38,18680493.0
Capo Spartanu,96261561,Rw38,12911512.0
M3llow Rëën,96261631,Ri38,15398709.0
master758,96262558,Rw38,14760879.0
Cotton95,96265202,RP38,18698829.0
økills,96265209,Rw38,16402880.0
M3llow Quinton,96265564,Ri38,29443737.0
Jounin Necro99,96267065,RK38,18886184.0
Bully Maguire4,96272103,Rw38,15026169.0
M3llow Linh,96272429,Ri38,24938559.0
KillerX Nnoitra,96273739,#N/A,29749647.0
M3llow Ewert,96273838,Ri38,11974368.0
nr456 Chvaściu,96274309,RP38,23332331.0
K9Nate,96277498,RP38,12747992.0
EntropicMalice,96280450,Rt38,20164289.0
fOLLOWyOURfUN,96282361,RP38,24736724.0
LITE MAN,96285664,Rw38,15871175.0
M3llow ZooTeR,96287173,Ri38,24508373.0
驃騎Amethy,96291019,RR38,30406092.0
Bobopudge,96293177,RP38,17508619.0
QPawnShopDealer,96294305,RR38,25416335.0
headless ripper,96295361,RA38,24041529.0
Kobe00,96297228,RR38,21722968.0
Small Murloc,96298101,Rw38,19207972.0
paul04,96299025,Rw38,24344572.0
Welongsw,96299115,Rw38,20269105.0
M3llow Fast,96312657,Ri38,18447612.0
TigerSosa,96326411,RR38,24907280.0
Slayer X Snakę,96337662,RX38,17980913.0
dik fury,96365102,Rw38,16486441.0
KillerX aloneF,96378030,Rt38,13892883.0
M3llow Frîja,96399935,Ri38,18246566.0
TeMeHb,96410358,Rw38,23819263.0
PirateShinyJack,96424810,Rt38,13430986.0
乄Pirate Val,96427511,Rt38,16344995.0
Slayer X Teavis,96429615,RX38,15155802.0
Trooper cBЯToU,96464896,RR38,25649836.0
Psychologyst,96471500,RP38,15293387.0
KAITx Kz,96482453,Rw38,19091459.0
F2P Dealerr,96486128,RR38,21694942.0
义Kakaroto义,96502129,F38i,105466551.0
〤Amskit〤,96547985,RP38,27428087.0
〤MôSsMô〤,96549640,Rg38,26401795.0
M3llow Silence,96553958,Ri38,20484375.0
ßRÉÉŽŸ,96558455,RR38,45473381.0
Vivadiva,96566351,RR38,68248553.0
义Pillow义,96569933,RK38,35155128.0
Shahrivar,96577092,RY38,25173171.0
M3llow 7empest,96581509,Ri38,16710463.0
Pirate Kyozelia,96583489,Rt38,16745519.0
M3llow TNT,96593085,Ri38,24351621.0
Davy Chajones,96595307,Rt38,17259296.0
Pirate beaver,96603070,Rt38,18553618.0
Trooper Aomlove,96616712,RR38,26262290.0
ÁltairSTARS,96617124,Rw38,15831019.0
SlayerˣCaboツ,96625552,RX38,21457303.0
Pirate cass,96645283,Rt38,19773078.0
SlayerXSkipper,96650925,RX38,18806865.0
Slayer Kowalski,96653681,RX38,22093279.0
MoRpehh,96675956,RR38,27352166.0
Pirate Ryōta,96700452,Rt38,19024646.0
Kuzäッ,96708632,RK38,36438179.0
PirateMatuPatu,96776653,Rt38,21053829.0
TilValhallaa,96970314,RP38,22111451.0
I AM STIK,97061961,RP38,24057828.0
父SɦǟʀҜ父,97075355,Rt38,20315733.0
Mr BushCyrix,97078494,RP38,61592459.0
SwordsManZoro,97086973,Rw38,16869833.0
Chuunin Swag,97091387,RK38,13684359.0
Groot DK,97091638,Rw38,23662977.0
Q U E E N I E E,97101811,RA38,18519660.0
Small SupDup,97102262,RA38,45680633.0
Trooperkamikaze,97121989,Rw38,23146579.0
Mr sheaffer,97123715,RP38,19372554.0
Trooper Mal,97125033,Rt38,26795325.0
THOR 27PH,97125698,Rw38,15774470.0
亗Āmë,97127787,RR38,26092836.0
Small Odin,97144363,RA38,21489355.0
Miss Chemical,97160911,Rw38,14207951.0
M3llow Khęprį,97175946,Ri38,14044233.0
Jota San,97184158,RA38,20340042.0
CaptEarl,97194125,Rw38,13042031.0
Trooper Luffy,97201220,Rw38,17436561.0
SilverSurferz,97206229,RP38,22207241.0
WraithShot,97223990,RA38,19128995.0
Lethal Pirate,97224201,Rt38,13265119.0
Pirate SM00th,97250821,Rt38,22304533.0
Jarvis Ztech,97287877,Rw38,16949482.0
Miss Riah Swann,97387239,Rt38,11976409.0
ImAnRSoul,97435707,Ri38,24168971.0
M3llow Row,97465809,Ri38,43779282.0
Ᵽinkie,97560016,RR38,26871832.0
Murdøc,97560095,RR38,30264492.0
M3LLOW SQUIRREL,97642297,Ri38,27760690.0
Louylou,9771821,RK38,62848193.0
乄Daver乄,9775721,RK38,48820406.0
Ørney,97822225,RX38,24666448.0
GIYU T0MI0KA,97830892,RP38,40680119.0
minero21,98013414,Ri38,68949773.0
DE4DPO0L,98020847,Rw38,17470553.0
ㅤPirate  Peace,98091482,Rt38,20107332.0
D3VYN,98226089,Rw38,20683759.0
BLACKVAGOAL,98398193,Rw38,17344426.0
Will Tuga III,99203747,Rt38,16610421.0
Blueberriesi,99283317,Ri38,23900540.0
Slayer ˣPēēp,99495030,RX38,20948478.0
ItsAki,9957322,RX38,84036917.0
